{
  "[8_1_5_1_8_7_3_1_6]x512s5": {
    "epochs": 30,
    "batch_size": 64,
    "time": {
      "mins": 4.0,
      "secs": 17.488701820373535
    },
    "accuracy": 68.46153846153847
  },
  "[10_7_10_10_7_8_1_10_8]x512s5": {
    "epochs": 30,
    "batch_size": 64,
    "time": {
      "mins": 4.0,
      "secs": 18.273664474487305
    },
    "accuracy": 60.76923076923077
  },
  "[_2_12_4_6_7_2_3_4_2]x512s5": {
    "epochs": 30,
    "batch_size": 64,
    "time": {
      "mins": 3.0,
      "secs": 57.23574376106262
    },
    "accuracy": 43.07692307692308
  },
  "[_6_7_10_12_10_6_5_2_3]x512s5": {
    "epochs": 30,
    "batch_size": 64,
    "time": {
      "mins": 3.0,
      "secs": 12.05748724937439
    },
    "accuracy": 70.76923076923077
  },
  "[_5_8_10_5_1_4_2_5_12]x512s5": {
    "epochs": 30,
    "batch_size": 64,
    "time": {
      "mins": 2.0,
      "secs": 58.1315176486969
    },
    "accuracy": 75.38461538461539
  },
  "[_2_12_4_10_7_8_1_10_8]x512s5": {
    "epochs": 30,
    "batch_size": 64,
    "time": {
      "mins": 3.0,
      "secs": 59.993043184280396
    },
    "accuracy": 76.15384615384616
  },
  "[_6_7_10_10_7_8_1_10_8]x512s5": {
    "epochs": 30,
    "batch_size": 64,
    "time": {
      "mins": 3.0,
      "secs": 7.0631890296936035
    },
    "accuracy": 69.23076923076923
  },
  "[10_7_10_1_8_7_3_1_6]x512s5": {
    "epochs": 30,
    "batch_size": 64,
    "time": {
      "mins": 3.0,
      "secs": 5.3205485343933105
    },
    "accuracy": 76.15384615384616
  },
  "[10_7_10_1_8_8_3_1_6]x512s5": {
    "epochs": 30,
    "batch_size": 64,
    "time": {
      "mins": 2.0,
      "secs": 53.33793377876282
    },
    "accuracy": 64.61538461538461
  },
  "[_6_7_10_1_8_8_3_1_6]x512s5": {
    "epochs": 30,
    "batch_size": 64,
    "time": {
      "mins": 3.0,
      "secs": 1.4909207820892334
    },
    "accuracy": 74.61538461538461
  },
  "[10_7_10_1_8_8_2_5_12]x512s5": {
    "epochs": 30,
    "batch_size": 64,
    "time": {
      "mins": 4.0,
      "secs": 1.1829559803009033
    },
    "accuracy": 70.0
  },
  "[_5_8_10_5_1_4_3_1_6]x512s5": {
    "epochs": 30,
    "batch_size": 64,
    "time": {
      "mins": 2.0,
      "secs": 48.89995217323303
    },
    "accuracy": 74.61538461538461
  },
  "[_5_8_9_5_1_4_2_5_12]x512s5": {
    "epochs": 30,
    "batch_size": 64,
    "time": {
      "mins": 2.0,
      "secs": 49.501837491989136
    },
    "accuracy": 76.15384615384616
  },
  "[_6_7_10_1_8_8_2_5_12]x512s5": {
    "epochs": 30,
    "batch_size": 64,
    "time": {
      "mins": 4.0,
      "secs": 9.121630907058716
    },
    "accuracy": 66.92307692307692
  },
  "[10_7_9_1_8_7_3_1_6]x512s5": {
    "epochs": 30,
    "batch_size": 64,
    "time": {
      "mins": 4.0,
      "secs": 1.7541074752807617
    },
    "accuracy": 69.23076923076923
  },
  "[5_8_9_5_1_4_3_1_6]x512s5": {
    "epochs": 30,
    "batch_size": 64,
    "time": {
      "mins": 3.0,
      "secs": 2.281406879425049
    },
    "accuracy": 62.30769230769231
  },
  "[10_7_10_5_1_4_3_1_6]x512s5": {
    "epochs": 30,
    "batch_size": 64,
    "time": {
      "mins": 3.0,
      "secs": 12.242375612258911
    },
    "accuracy": 80.76923076923077
  }
}