{
  "s1764671019": {
    "epochs": 50,
    "batch_size": 64,
    "time": {
      "mins": 36.0,
      "secs": 4.024935722351074
    },
    "accuracy": 85.38461538461539
  },
  "s1068633314": {
    "epochs": 50,
    "batch_size": 64,
    "time": {
      "mins": 23.0,
      "secs": 31.634871006011963
    },
    "accuracy": 82.3076923076923
  }
}